Timestamp,Satellite 1,Satellite 2,Distance (m),Streak,Risk Score,Lat1,Lon1,Alt1,Lat2,Lon2,Alt2,Latitude,Longitude,Avg Altitude
2025-07-26 15:54:04+00:00,STARLINK-4411,STARLINK-4410,1357.99,1,0.00147,-78.82861574645585,128.19804796868485,592740.269760942,-78.82035058908032,128.1530583655736,592496.5316901405,-78.82448316776808,128.17555316712924,592618.4007255412
2025-07-26 15:54:51+00:00,STARLINK-5619,STARLINK-5593,2868.36,1,0.0007,36.47988432225393,75.36211406884127,577202.1839330891,36.504807141644015,75.35389833578687,577291.7841024408,36.49234573194897,75.35800620231407,577246.9840177649
2025-07-26 15:58:15+00:00,STARLINK-34492,STARLINK-34375,1310.57,1,0.00152,7.039643114359333,84.64069443233852,418284.80660600186,7.0295980309053245,84.64637312976268,418562.7572732851,7.034620572632329,84.64353378105059,418423.7819396435
2025-07-26 15:58:20+00:00,STARLINK-34185,STARLINK-34592,3642.37,1,0.00055,-44.31179269059625,-165.50872666906218,361873.3947425239,-44.33021384704417,-165.4708672302559,361880.8156174057,-44.321003268820206,-165.48979694965902,361877.1051799648
2025-07-26 16:04:04+00:00,STARLINK-4411,STARLINK-4410,1554.77,2,0.00193,-44.01970711807749,90.52115245776002,582291.9411306524,-44.00709151728408,90.51282686452596,582213.176154977,-44.013399317680786,90.51698966114299,582252.5586428146
2025-07-26 16:04:51+00:00,STARLINK-5619,STARLINK-5593,3003.93,2,0.001,1.502631013193979,87.81833966790113,573761.5703012403,1.5293863567755073,87.81475414374378,573879.0310697149,1.5160086849847432,87.81654690582246,573820.3006854777
2025-07-26 16:08:15+00:00,STARLINK-34492,STARLINK-34375,1108.73,2,0.0027,-23.711732832289783,106.4794324292146,425090.8688637007,-23.719173715602363,106.48422483860551,425644.6420903835,-23.715453273946075,106.48182863391006,425367.7554770421
2025-07-26 16:08:20+00:00,STARLINK-34185,STARLINK-34592,3504.11,2,0.00086,-52.21416918161348,-108.66379664898363,365131.1646493057,-52.206048235700585,-108.61444730644747,365527.3336168603,-52.21010870865703,-108.63912197771555,365329.24913308304
2025-07-26 16:14:04+00:00,STARLINK-4411,STARLINK-4410,1571.75,3,0.00254,-6.864986759283878,81.5215055094077,569024.5627005912,-6.852547522778284,81.51478163789619,569103.3135927935,-6.85876714103108,81.51814357365194,569063.9381466924
2025-07-26 16:14:51+00:00,STARLINK-5619,STARLINK-5593,3095.4,3,0.00129,-33.55356754252161,99.72904817212596,582514.0429173373,-33.526668605980845,99.7205599549584,582642.102083458,-33.540118074251225,99.72480406354218,582578.0725003977
2025-07-26 16:18:15+00:00,STARLINK-34492,STARLINK-34375,895.26,3,0.00446,-48.37806832145285,141.82036414361122,435094.8955058008,-48.37977977298187,141.82277807626653,435951.3361802241,-48.37892404721736,141.82157110993887,435523.11584301246
2025-07-26 16:18:20+00:00,STARLINK-34185,STARLINK-34592,2941.14,3,0.00136,-31.748470912075227,-64.7105517842966,356728.0619844096,-31.72869305158049,-64.69146432291798,357473.48673898535,-31.738581981827856,-64.7010080536073,357100.7743616975
2025-07-26 16:24:04+00:00,STARLINK-4411,STARLINK-4410,1375.23,4,0.00363,30.485011642320924,73.58620550061384,567551.7541395487,30.49572619135024,73.57923343821398,567711.5244286377,30.490368916835582,73.58271946941392,567631.6392840932
2025-07-26 16:24:51+00:00,STARLINK-5619,STARLINK-5593,3175.03,4,0.00157,-64.26913323751621,132.00014082331134,593907.7034655303,-64.25029373450444,131.95080403662485,594034.0266319299,-64.25971348601033,131.97547242996808,593970.86504873
2025-07-26 16:28:15+00:00,STARLINK-34492,STARLINK-34375,1314.99,4,0.0038,-49.956095081414894,-160.1378812065524,435822.04993625527,-49.95850603733629,-160.14813158986365,436880.1684109077,-49.9573005593756,-160.14300639820803,436351.10917358147
2025-07-26 16:28:20+00:00,STARLINK-34185,STARLINK-34592,2060.58,4,0.00243,-1.2363601540895917,-40.7200593694934,347698.3602712145,-1.2216905627140624,-40.71213038049229,348597.39608974464,-1.229025358401827,-40.71609487499285,348147.8781804796
2025-07-26 16:34:04+00:00,STARLINK-4411,STARLINK-4410,1086.01,5,0.00552,67.08349846501156,57.16720270100314,573763.018227708,67.09182575220801,57.15442299351718,573889.3131583282,67.08766210860978,57.16081284726016,573826.1656930181
2025-07-26 16:34:51+00:00,STARLINK-5619,STARLINK-5593,3299.16,5,0.00182,-61.70193755770252,-141.4576775215871,593464.1055071929,-61.7240917921991,-141.49927150574413,593574.4229137138,-61.71301467495081,-141.47847451366562,593519.2642104534
2025-07-26 16:38:15+00:00,STARLINK-34492,STARLINK-34375,2232.65,5,0.00269,-26.65874043328723,-122.20545902349718,426401.1612200627,-26.671043088054592,-122.2195674203947,427472.5626257778,-26.664891760670912,-122.21251322194594,426936.8619229202
2025-07-26 16:38:20+00:00,STARLINK-34185,STARLINK-34592,1127.81,5,0.00532,29.57411243211825,-17.32867831687045,347924.20939640736,29.58030591394842,-17.324124994555035,348701.2390455168,29.57720917303333,-17.326401655712743,348312.7242209621
2025-07-26 16:44:04+00:00,STARLINK-4411,STARLINK-4410,958.39,6,0.0073,72.5883567027897,-81.67193505471302,573551.441181253,72.58132209014387,-81.68857397876108,573545.8323662241,72.58483939646678,-81.68025451673705,573548.6367737385
2025-07-26 16:44:51+00:00,STARLINK-5619,STARLINK-5593,3437.12,6,0.00204,-29.97098752492239,-113.78377010571248,582066.3584990992,-30.000987238215718,-113.79233516618912,582141.6054566401,-29.985987381569053,-113.7880526359508,582103.9819778696
2025-07-26 16:48:15+00:00,STARLINK-34492,STARLINK-34375,3154.23,6,0.00222,3.887646915480216,-99.87898481456708,418793.6248632436,3.866821577607592,-99.8965745968078,419676.1170603454,3.877234246543904,-99.88777970568744,419234.8709617945
2025-07-26 16:48:20+00:00,STARLINK-34185,STARLINK-34592,445.55,6,0.01568,51.4881828437261,24.550413817155288,352225.93592910474,51.48816365634335,24.55183481678583,352660.4790533197,51.48817325003473,24.551124316970558,352443.20749121223
2025-07-26 16:54:04+00:00,STARLINK-4411,STARLINK-4410,1134.03,7,0.00705,36.39989594422519,-103.74504191553648,565790.03651724,36.3914362266048,-103.75183194242516,565611.7111621771,36.395666085415,-103.74843692898082,565700.8738397085
2025-07-26 16:54:51+00:00,STARLINK-5619,STARLINK-5593,3497.09,7,0.00229,5.184297812025538,-102.37727158522854,574579.5397199435,5.153285017975876,-102.38251090102578,574611.9864199788,5.168791415000707,-102.37989124312716,574595.7630699612
2025-07-26 16:58:15+00:00,STARLINK-34492,STARLINK-34375,3798.88,7,0.00211,33.669735756216475,-75.56604856941138,420378.7971316343,33.64719260564629,-75.5962545271276,420955.1842562457,33.65846418093138,-75.58115154826949,420666.99069393997
2025-07-26 16:58:20+00:00,STARLINK-34185,STARLINK-34592,227.45,7,0.03502,45.77373212384143,82.63075920119923,350933.0291640169,45.77270652438419,82.62825380391983,350964.2068500312,45.77321932411281,82.62950650255954,350948.61800702405
2025-07-26 17:04:04+00:00,STARLINK-4411,STARLINK-4410,1454.35,8,0.00618,-0.9473413975309388,-112.02722340466484,564600.112895938,-0.9583224178268452,-112.03372668499271,564281.6307350236,-0.952831907678892,-112.03047504482878,564440.8718154808
2025-07-26 17:04:51+00:00,STARLINK-5619,STARLINK-5593,3456.32,8,0.0026,39.98602731991655,-89.11063612727935,578799.1302230065,39.95661447207895,-89.12375338269229,578809.4181353047,39.97132089599775,-89.11719475498582,578804.2741791556
2025-07-26 17:08:15+00:00,STARLINK-34492,STARLINK-34375,4099.5,8,0.00219,52.655292692474646,-30.336333833059992,424275.0899352944,52.64939797517519,-30.39616297513586,424571.9722737641,52.65234533382492,-30.366248404097924,424423.5311045293
2025-07-26 17:08:20+00:00,STARLINK-34185,STARLINK-34592,404.49,8,0.0222,18.95113192413043,115.2133011647983,346699.5611406517,18.948476513105785,115.21219155623204,346448.9472995584,18.949804218618105,115.21274636051517,346574.254220105
2025-07-26 17:14:04+00:00,STARLINK-4411,STARLINK-4410,1789.07,9,0.00559,-38.21476327982149,-120.44172700354042,577335.1306153256,-38.22914031311063,-120.44989094845914,576965.7114692256,-38.22195179646606,-120.44580897599978,577150.4210422756
2025-07-26 17:14:51+00:00,STARLINK-5619,STARLINK-5593,3410.22,9,0.00293,68.03057722060136,-45.50144572326549,585112.9185544353,68.0171490288704,-45.57512381138107,585138.8680256609,68.02386312473588,-45.538284767323276,585125.893290048
2025-07-26 17:18:01+00:00,STARLINK-33790,STARLINK-34024,4831.74,1,0.00041,-22.155203005720075,111.62399818717049,576847.8526700308,-22.123852900972864,111.64201607996732,579631.7009373041,-22.13952795334647,111.6330071335689,578239.7768036674
2025-07-26 17:18:15+00:00,STARLINK-34492,STARLINK-34375,4171.69,9,0.0024,43.33047576514807,24.94562566730544,422128.3382438872,43.35140737785704,24.90286284759604,422290.8500238137,43.340941571502555,24.924244257450738,422209.5941338504
2025-07-26 17:18:20+00:00,STARLINK-34185,STARLINK-34592,728.82,9,0.0137,-12.49273081984227,136.99612951649192,349988.2431811567,-12.498489972029905,136.99801359339725,349706.7279742631,-12.495610395936087,136.99707155494457,349847.48557770986
2025-07-26 17:24:04+00:00,STARLINK-4411,STARLINK-4410,2104.17,10,0.00523,-74.06839554432972,-144.82277685116807,591242.6019479688,-74.0841600983961,-144.8594916248052,590926.0734579705,-74.07627782136291,-144.84113423798664,591084.3377029697
2025-07-26 17:24:51+00:00,STARLINK-5619,STARLINK-5593,3459.52,10,0.00318,56.2717030703392,35.33519119940514,582229.9618216694,56.29792106016895,35.30503248713848,582296.2959149989,56.28481206525407,35.32011184327181,582263.1288683341
2025-07-26 17:28:01+00:00,STARLINK-33790,STARLINK-34024,3093.2,2,0.00097,13.156580969865423,122.42873188853808,572255.3049321348,13.166225080444594,122.43719381437292,575008.2048336781,13.161403025155009,122.4329628514555,573631.7548829064
2025-07-26 17:28:15+00:00,STARLINK-34492,STARLINK-34375,4216.0,10,0.00261,15.9209633886488,54.78883536595208,418178.2446645791,15.949781531509464,54.76329610231006,418400.7697361826,15.935372460079133,54.776065734131066,418289.50720038085
2025-07-26 17:28:20+00:00,STARLINK-34185,STARLINK-34592,969.77,10,0.01133,-41.08624075376368,165.46741246867592,360516.9189365515,-41.092090913624624,165.475974418972,360467.7404256403,-41.08916583369415,165.47169344382394,360492.3296810959
2025-07-26 17:34:04+00:00,STARLINK-4411,STARLINK-4410,2364.88,11,0.00507,-65.68569733832065,77.80788445801521,590096.8079147962,-65.66633768860231,77.78688083083199,589914.6964313964,-65.67601751346149,77.7973826444236,590005.7521730963
2025-07-26 17:34:51+00:00,STARLINK-5619,STARLINK-5593,3589.51,11,0.00334,23.125513700818363,56.7504491025023,574606.6319919572,23.157044464549237,56.74299152511261,574710.1120259722,23.141279082683802,56.74672031380746,574658.3720089647
2025-07-26 17:38:01+00:00,STARLINK-33790,STARLINK-34024,2869.36,3,0.00139,47.45139281615085,138.2761481857654,578485.4112271342,47.44096619390086,138.2720998516591,581092.4012025036,47.44617950502585,138.27412401871226,579788.9062148188
2025-07-26 17:38:15+00:00,STARLINK-34492,STARLINK-34375,4452.52,11,0.00269,-15.062800740071172,76.08491424747717,422253.9405289968,-15.032476670134656,76.05816459861879,422706.11168623023,-15.047638705102914,76.07153942304798,422480.0261076135
2025-07-26 17:38:20+00:00,STARLINK-34185,STARLINK-34592,950.54,11,0.01261,-53.104142169356734,-140.55222415928472,365474.3966766776,-53.10238970687884,-140.53924093526612,365812.4940488783,-53.10326593811779,-140.5457325472754,365643.445362778
2025-07-26 17:44:04+00:00,STARLINK-4411,STARLINK-4410,2490.53,12,0.00522,-29.152703147416144,62.37535556463982,576192.0328424451,-29.1316446296418,62.36662178357111,576179.3180012323,-29.142173888528973,62.37098867410546,576185.6754218386
2025-07-26 17:44:51+00:00,STARLINK-5619,STARLINK-5593,3710.75,12,0.0035,-12.177392958680477,67.59901740860155,575843.5833188507,-12.144629158111837,67.59262988589451,575965.6849708761,-12.161011058396156,67.59582364724804,575904.6341448633
2025-07-26 17:47:30+00:00,STARLINK-32842,STARLINK-32704,3325.02,1,0.0006,44.79032596797681,115.20182640475606,479549.58509018045,44.79775969621679,115.22981634665022,481893.5935423644,44.7940428320968,115.21582137570314,480721.5893162724
2025-07-26 17:48:01+00:00,STARLINK-33790,STARLINK-34024,4175.38,4,0.0012,70.07420841340627,-160.58070126897624,583409.5896977003,70.07241252785406,-160.67027277442423,585832.6474111042,70.07331047063016,-160.62548702170022,584621.1185544023
2025-07-26 17:48:20+00:00,STARLINK-34185,STARLINK-34592,805.8,12,0.01611,-35.618324253956175,-92.38948352793626,358305.07137310004,-35.61491767388906,-92.3889579890702,359014.7036783784,-35.616620963922614,-92.38922075850323,358659.88752573926
2025-07-26 17:54:04+00:00,STARLINK-4411,STARLINK-4410,2407.09,13,0.00581,8.167726484627337,54.500128682909946,566758.3214284742,8.18792368518259,54.49233932097449,566882.0592710162,8.177825084904963,54.49623400194221,566820.1903497451
2025-07-26 17:54:51+00:00,STARLINK-5619,STARLINK-5593,3791.8,13,0.00369,-46.49430562576475,83.01326625912154,587553.4851618054,-46.46310287397847,82.99335871150049,587680.1358686128,-46.47870424987161,83.00331248531101,587616.8105152091
2025-07-26 17:57:30+00:00,STARLINK-32842,STARLINK-32704,2308.65,2,0.0013,52.23030970163448,170.89089412545945,480858.5260981715,52.232954691161744,170.8954946116634,483126.8314593965,52.23163219639811,170.8931943685614,481992.678778784
2025-07-26 17:58:20+00:00,STARLINK-34185,STARLINK-34592,1161.31,13,0.01204,-5.716132377902787,-66.94759333475326,348496.51039227546,-5.71959984060074,-66.95327529462048,349393.6026837879,-5.717866109251764,-66.95043431468687,348945.05653803167
2025-07-26 18:04:04+00:00,STARLINK-4411,STARLINK-4410,2156.35,14,0.00695,45.38698455733504,45.312708792588126,569956.4690187786,45.40501157224761,45.302742311404046,570118.2232700671,45.39599806479133,45.307725551996086,570037.3461444229
2025-07-26 18:04:51+00:00,STARLINK-5619,STARLINK-5593,3886.24,14,0.00386,-69.9768173034816,141.42859730897484,595553.2327903094,-69.97295577237458,141.32720926716297,595675.1684383382,-69.97488653792809,141.37790328806892,595614.2006143238
2025-07-26 18:07:30+00:00,STARLINK-32842,STARLINK-32704,3113.08,3,0.00128,32.492252205287286,-145.90601955504394,476561.7367035978,32.51047640342995,-145.91168952469226,478864.362656288,32.50136430435862,-145.90885453986812,477713.0496799429
2025-07-26 18:08:20+00:00,STARLINK-34185,STARLINK-34592,1921.55,14,0.0078,25.44857048065245,-44.44632947807192,347380.2150711841,25.437900193744188,-44.45904111145349,348189.8344648735,25.443235337198317,-44.4526852947627,347785.02476802876
2025-07-26 18:14:04+00:00,STARLINK-4411,STARLINK-4410,1922.19,15,0.00832,79.90705683681833,1.9271419810594448,574975.3155250378,79.91791044051516,1.850440230513343,575057.2855864286,79.91248363866674,1.8887911057863938,575016.3005557333
2025-07-26 18:14:51+00:00,STARLINK-5619,STARLINK-5593,4024.15,15,0.00398,-50.40880995990757,-150.4111472909189,589667.3153375436,-50.441098120759534,-150.43676526592313,589767.9981886904,-50.42495404033355,-150.42395627842103,589717.6567631171
2025-07-26 18:17:30+00:00,STARLINK-32842,STARLINK-32704,4833.01,4,0.00103,2.9233240156316413,-122.29723979986728,475257.731965259,2.959007497457667,-122.30916667867984,477678.5076638495,2.9411657565446543,-122.30320323927356,476468.11981455423
2025-07-26 18:18:20+00:00,STARLINK-34185,STARLINK-34592,2544.01,15,0.00629,49.62308639400207,-6.573053524183206,351820.5205166202,49.614372037486426,-6.604985269906998,352311.8103797287,49.61872921574425,-6.589019397045102,352066.16544817446
2025-07-26 18:24:04+00:00,STARLINK-4411,STARLINK-4410,1905.57,16,0.00892,58.40177014923504,-119.35075074130692,570709.6910288368,58.38603337490323,-119.36362948044582,570632.5592191833,58.393901762069135,-119.35719011087637,570671.12512401
2025-07-26 18:24:51+00:00,STARLINK-5619,STARLINK-5593,4141.67,16,0.0041,-16.48841424759539,-133.12911125818053,577891.9969357813,-16.52481070808195,-133.13734658220577,577951.6066280825,-16.506612477838672,-133.13322892019315,577921.8017819319
2025-07-26 18:28:19+00:00,STARLINK-34548,STARLINK-34558,4824.96,1,0.00041,36.79208467992703,-34.17010413742649,391981.8944645,36.831290616901256,-34.14767683543684,392519.1882025965,36.81168764841414,-34.158890486431666,392250.54133354826
2025-07-26 18:28:20+00:00,STARLINK-34185,STARLINK-34592,2782.71,16,0.00611,48.42732958413457,52.56824008139054,351518.5765612888,48.43675565462574,52.53332194874991,351608.02738552896,48.432042619380155,52.55078101507023,351563.3019734089
2025-07-26 18:34:04+00:00,STARLINK-4411,STARLINK-4410,2133.18,17,0.00843,21.421730736504973,-131.39450893956703,563681.5820491891,21.4040934896552,-131.40226510929142,563437.4501606135,21.412912113080086,-131.3983870244292,563559.5161049013
2025-07-26 18:34:51+00:00,STARLINK-5619,STARLINK-5593,4159.22,17,0.00433,18.82720350572992,-122.41335848434028,575036.68688721,18.790740035988826,-122.42216569974808,575055.9572380314,18.808971770859372,-122.41776209204417,575046.3220626207
2025-07-26 18:38:19+00:00,STARLINK-34548,STARLINK-34558,4328.76,2,0.00069,67.14249436348629,6.757618273708697,398984.7686662182,67.160913336732,6.8447517129443485,399609.3953168671,67.15170385010914,6.8011849933265225,399297.08199154265
2025-07-26 18:38:20+00:00,STARLINK-34185,STARLINK-34592,2605.47,17,0.00691,23.24300908570342,88.50183538325048,347043.81796144106,23.25907206298949,88.48339451397476,346822.83988232387,23.251040574346455,88.49261494861261,346933.32892188244
2025-07-26 18:44:04+00:00,STARLINK-4411,STARLINK-4410,2476.0,18,0.00767,-15.980906371632225,-139.09443390970907,568373.5004378035,-16.001558770048053,-139.10245413465168,568024.2766180261,-15.99123257084014,-139.0984440221804,568198.8885279148
2025-07-26 18:44:51+00:00,STARLINK-5619,STARLINK-5593,4102.74,18,0.00463,52.54670198555691,-103.82806932111129,581835.2197007196,52.5145856476466,-103.85792685727311,581845.9651624248,52.53064381660175,-103.8429980891922,581840.5924315723
2025-07-26 18:48:19+00:00,STARLINK-34548,STARLINK-34558,3726.7,3,0.00107,56.61926741516624,91.75399134551589,396255.7040038194,56.59310629116315,91.7899304056271,397022.7315512558,56.6061868531647,91.7719608755715,396639.2177775376
2025-07-26 18:48:20+00:00,STARLINK-34185,STARLINK-34592,2151.1,18,0.00883,-8.052294955423266,110.67307015171572,348883.5459468519,-8.038420746976813,110.65972842650218,348584.47610396944,-8.04535785120004,110.66639928910895,348734.01102541067
2025-07-26 18:54:04+00:00,STARLINK-4411,STARLINK-4410,2826.39,19,0.00707,-52.98903400318197,-149.61397440667824,583935.9366514258,-53.0128120381954,-149.62791988566286,583579.6800518227,-53.00092302068869,-149.62094714617055,583757.8083516243
2025-07-26 18:54:51+00:00,STARLINK-5619,STARLINK-5593,4087.03,19,0.00489,69.52604032616236,-30.36457277541868,585252.0363889361,69.5351479330893,-30.466393497968607,585292.570555985,69.53059412962583,-30.415483136693645,585272.3034724605
2025-07-26 18:58:19+00:00,STARLINK-34548,STARLINK-34558,2965.71,4,0.00169,22.083131509846258,114.10302619146454,388142.4876211518,22.05923933093673,114.11224404335589,389056.3851372576,22.071185420391494,114.10763511741021,388599.4363792047
2025-07-26 18:58:20+00:00,STARLINK-34185,STARLINK-34592,1731.42,19,0.01154,-37.56181516760172,137.03937938481693,359035.71190454025,-37.5523040325507,137.02387185195485,358932.3372941302,-37.557059600076215,137.03162561838587,358984.0245993352
2025-07-26 19:04:04+00:00,STARLINK-4411,STARLINK-4410,3136.93,20,0.00669,-82.33187221233075,121.22263285351252,592998.3795401386,-82.32856913580669,121.0134946694216,592729.1959213597,-82.33022067406873,121.11806376146706,592863.7877307492
2025-07-26 19:04:51+00:00,STARLINK-5619,STARLINK-5593,4174.98,20,0.00503,44.07835847313181,22.405284127253083,579072.4143896966,44.1131268547954,22.38557620967946,579156.3206485063,44.095742663963605,22.39543016846627,579114.3675191014
2025-07-26 19:08:19+00:00,STARLINK-34548,STARLINK-34558,2075.7,5,0.00289,-14.70219786871922,125.47009030182292,389755.0787262514,-14.717761730398244,125.47542253713696,390747.3371503318,-14.709979799558731,125.47275641947994,390251.2079382916
2025-07-26 19:08:20+00:00,STARLINK-34185,STARLINK-34592,1750.45,20,0.01199,-53.29147687399596,-172.66714787169045,365541.5742702935,-53.29024524358434,-172.69306920128432,365818.8772341137,-53.29086105879015,-172.68010853648738,365680.2257522036
2025-07-26 19:14:04+00:00,STARLINK-4411,STARLINK-4410,3356.0,21,0.00655,-51.20275886585311,45.17028514993518,585179.4497438945,-51.17408337011728,45.15535898588272,585062.575755568,-51.1884211179852,45.16282206790895,585121.0127497313
2025-07-26 19:14:51+00:00,STARLINK-5619,STARLINK-5593,4310.97,21,0.0051,9.520608056447886,36.91936079458852,573493.9415445877,9.558553752790358,36.911365744647696,573607.037265627,9.539580904619122,36.91536326961811,573550.4894051073
2025-07-26 19:18:19+00:00,STARLINK-34548,STARLINK-34558,1244.49,6,0.00562,-50.1333580363976,143.17692236304444,401951.0539947964,-50.13950730125031,143.18260038366614,402908.8948812921,-50.13643266882396,143.1797613733553,402429.97443804424
2025-07-26 19:18:20+00:00,STARLINK-34185,STARLINK-34592,2361.87,21,0.00931,-39.27488673368551,-120.5381848951273,359825.1800857019,-39.28617338902267,-120.56009252431916,360494.3918929459,-39.28053006135409,-120.54913870972322,360159.7859893239
2025-07-26 19:24:04+00:00,STARLINK-4411,STARLINK-4410,3399.7,22,0.00676,-14.181884349766488,35.03511707627745,570938.4402751027,-14.15264065252556,35.025926896772845,570987.1710908242,-14.167262501146023,35.030521986525144,570962.8056829635
2025-07-26 19:24:51+00:00,STARLINK-5619,STARLINK-5593,4414.65,22,0.00521,-25.73516939364368,47.92397881341053,579703.3158525368,-25.69682458782442,47.91262199752651,579826.4617252209,-25.715996990734048,47.918300405468514,579764.8887888789
2025-07-26 19:28:19+00:00,STARLINK-34548,STARLINK-34558,841.01,7,0.0095,-69.8105799489486,-144.85626800569682,408469.0545930968,-69.81039505995749,-144.85927998892427,409301.83093013824,-69.81048750445305,-144.85777399731055,408885.4427616175
2025-07-26 19:28:20+00:00,STARLINK-34185,STARLINK-34592,3338.29,22,0.00689,-10.174390327575352,-93.22668421761168,349499.2685359268,-10.195817012914324,-93.24643919188448,350389.9459969087,-10.185103670244839,-93.23656170474808,349944.60726641776
2025-07-26 19:34:04+00:00,STARLINK-4411,STARLINK-4410,3233.2,23,0.00742,23.186275268884035,27.31730594067972,566801.5424797832,23.213997434260865,27.30788240489001,566955.7693431225,23.20013635157245,27.312594172784863,566878.6559114528
2025-07-26 19:34:51+00:00,STARLINK-5619,STARLINK-5593,4492.82,23,0.00534,-58.38076828351175,71.36283177661737,591985.7417875729,-58.34861760669445,71.31622331968427,592110.2256250001,-58.3646929451031,71.33952754815081,592047.9837062864
2025-07-26 19:38:19+00:00,STARLINK-34548,STARLINK-34558,1075.76,8,0.00836,-44.05856863766576,-88.05890062060952,400424.6234049401,-44.06481338905026,-88.06472094529887,401101.9729985806,-44.06169101335801,-88.0618107829542,400763.2982017604
2025-07-26 19:38:20+00:00,STARLINK-34185,STARLINK-34592,4353.45,23,0.00551,21.20664108364962,-71.28089932362609,346962.3417956136,21.178264116289583,-71.30867738362602,347800.4264563526,21.192452599969602,-71.29478835362605,347381.3841259831
2025-07-26 19:44:04+00:00,STARLINK-4411,STARLINK-4410,2966.79,24,0.00842,60.088000626987046,14.664340604740302,572655.6698476807,60.1129431545836,14.645514003721658,572799.4111058618,60.10047189078532,14.65492730423098,572727.5404767713
2025-07-26 19:44:51+00:00,STARLINK-5619,STARLINK-5593,4605.29,24,0.00543,-66.83264573267427,155.05832438231835,594887.1099401213,-66.85458036266806,154.9690275567972,595004.0145361207,-66.84361304767117,155.01367596955777,594945.5622381209
2025-07-26 19:48:19+00:00,STARLINK-34548,STARLINK-34558,1488.78,9,0.00671,-8.081606403511934,-73.02942358031883,389553.7901709207,-8.092986618419118,-73.03446112099053,390108.4307063368,-8.087296510965526,-73.03194235065467,389831.11043862876
2025-07-26 19:54:04+00:00,STARLINK-4411,STARLINK-4410,2807.52,25,0.00926,78.69599731062529,-112.43375891355248,574439.1572899543,78.67787673620622,-112.52338133566172,574461.3209235552,78.68693702341575,-112.4785701246071,574450.2391067548
2025-07-26 19:54:51+00:00,STARLINK-5619,STARLINK-5593,4747.32,25,0.00548,-37.711994322581965,-165.95126419690123,584900.5635327267,-37.75224663737849,-165.9692290882187,584989.1296743616,-37.732120479980225,-165.96024664255998,584944.8466035442
2025-07-26 19:58:19+00:00,STARLINK-34548,STARLINK-34558,1887.67,10,0.00582,28.603904203191025,-61.22693818068518,390277.05128563376,28.58904432157096,-61.23463660972146,390794.88726423925,28.596474262380994,-61.23078739520332,390535.9692749365
2025-07-26 20:04:04+00:00,STARLINK-4411,STARLINK-4410,2891.15,26,0.00934,43.65828394774702,-149.5726093882704,567308.7096386246,43.63365598129507,-149.5839772422368,567158.1215400804,43.64596996452104,-149.5782933152536,567233.4155893525
2025-07-26 20:04:51+00:00,STARLINK-5619,STARLINK-5593,4832.93,26,0.00559,-2.835992988890068,-153.24938294272664,575239.3256597462,-2.8784553345177626,-153.25866174347945,575282.0324491375,-2.8572241617039156,-153.25402234310303,575260.6790544419
2025-07-26 20:08:19+00:00,STARLINK-34548,STARLINK-34558,2338.45,11,0.00513,61.81224675235707,-32.654716182986164,397952.9403964029,61.79810556592536,-32.68568902878573,398542.8749259957,61.80517615914121,-32.67020260588595,398247.90766119934
2025-07-26 20:14:04+00:00,STARLINK-4411,STARLINK-4410,3176.59,27,0.00881,6.3853193398584525,-158.5435159628735,563687.6197948063,6.358221428553495,-158.5522118985943,563390.7001805839,6.371770384205973,-158.5478639307339,563539.159987695
2025-07-26 20:14:51+00:00,STARLINK-5619,STARLINK-5593,4812.05,27,0.00582,32.280493131381974,-141.5280740676103,577119.2990908899,32.23924259274281,-141.5435460985335,577129.1800395742,32.25986786206239,-141.5358100830719,577124.2395652321
2025-07-26 20:18:19+00:00,STARLINK-34548,STARLINK-34558,2959.2,12,0.00439,63.114345601046026,56.78912696423684,397846.9877359501,63.130911376363606,56.7454773996664,398588.0418140752,63.12262848870482,56.76730218195162,398217.5147750126
2025-07-26 20:18:20+00:00,STARLINK-34185,STARLINK-34592,4885.14,1,0.00041,-3.5815583180110773,84.42363877382587,347974.8226440059,-3.547819807418965,84.39558233913291,347666.0818255736,-3.564689062715021,84.4096105564794,347820.45223478973
2025-07-26 20:24:04+00:00,STARLINK-4411,STARLINK-4410,3534.43,28,0.0082,-30.95519795144455,-166.49916129523749,574140.5535474322,-30.98549542086192,-166.50971390611778,573779.6281668625,-30.970346686153235,-166.50443760067765,573960.0908571474
2025-07-26 20:24:51+00:00,STARLINK-5619,STARLINK-5593,4757.18,28,0.00609,63.4418963170231,-110.87010336872338,584270.8488129965,63.41294628933177,-110.94051926187132,584288.7065342978,63.42742130317744,-110.90531131529735,584279.7776736472
2025-07-26 20:28:19+00:00,STARLINK-34548,STARLINK-34558,3796.9,13,0.00369,30.37961722414249,87.5624978001627,389620.7080456925,30.40979918032061,87.54650984604807,390516.08430121234,30.39470820223155,87.55450382310539,390068.3961734524
2025-07-26 20:28:20+00:00,STARLINK-34185,STARLINK-34592,4434.29,2,0.00068,-33.79748164944974,109.12479739097031,357474.27986130945,-33.77058204039464,109.0894155170018,357320.1815830713,-33.7840318449222,109.10710645398606,357397.23072219035
2025-07-26 20:34:04+00:00,STARLINK-4411,STARLINK-4410,3876.87,29,0.00774,-67.4117373044379,176.85741701208963,589386.4951132918,-67.44367371161046,176.8217964389001,589058.1476443291,-67.42770550802419,176.83960672549486,589222.3213788104
2025-07-26 20:34:51+00:00,STARLINK-5619,STARLINK-5593,4780.82,29,0.00627,62.52234463012608,-23.90335744849338,583736.4805513779,62.55286321063995,-23.96901789460389,583795.0431898086,62.53760392038301,-23.936187671548637,583765.7618705933
2025-07-26 20:38:19+00:00,STARLINK-34548,STARLINK-34558,4773.69,14,0.00314,-6.27791676893965,99.56782821262382,388093.99631013407,-6.238661339369348,99.5527323663446,389069.0570011304,-6.258289054154499,99.56028028948421,388581.52665563225
2025-07-26 20:38:20+00:00,STARLINK-34185,STARLINK-34592,4352.1,3,0.00092,-52.76549117339604,155.2901944082858,365330.4948510828,-52.7587757360181,155.22655343099945,365544.8644365176,-52.76213345470707,155.25837391964262,365437.6796438002
2025-07-26 20:44:04+00:00,STARLINK-4411,STARLINK-4410,4161.21,30,0.00745,-72.44339995976726,38.09140091897272,591734.6775295027,-72.41043892492294,38.03305468862904,591520.6892999087,-72.42691944234511,38.06222780380088,591627.6834147057
2025-07-26 20:44:51+00:00,STARLINK-5619,STARLINK-5593,4898.87,30,0.00633,30.993405740300588,5.12191609408781,575987.4749792906,31.03553341218327,5.106907726108519,576086.4737427855,31.01446957624193,5.114411910098164,576036.9743610381
2025-07-26 20:48:20+00:00,STARLINK-34185,STARLINK-34592,4848.35,4,0.00103,-42.66484196986202,-149.2401775427022,361242.8164598252,-42.68846113156145,-149.28944187175475,361866.8931484748,-42.67665155071174,-149.2648097072285,361554.85480415
2025-07-26 20:54:04+00:00,STARLINK-4411,STARLINK-4410,4321.92,31,0.0074,-36.41415828268147,16.257954779515817,579134.2218866713,-36.37668260175976,16.245158997431716,579083.8285969472,-36.39542044222061,16.251556888473765,579109.0252418092
2025-07-26 21:04:04+00:00,STARLINK-4411,STARLINK-4410,4278.62,32,0.00771,0.8415189210782901,7.986896579765327,567551.1348613813,0.878666288640569,7.976903842248746,567653.0815713397,0.8600926048594295,7.981900211007037,567602.1082163604
2025-07-26 21:14:04+00:00,STARLINK-4411,STARLINK-4410,4049.4,33,0.00839,38.14180387643298,-0.4258385738872562,568654.7364965428,38.17680722581431,-0.4384752083676265,568821.3245657573,38.159305551123644,-0.4321568911274414,568738.03053115
2025-07-26 21:24:04+00:00,STARLINK-4411,STARLINK-4410,3802.78,34,0.0092,74.1277412849817,-24.94201337256905,574564.2439237662,74.15703870138482,-25.006484829306466,574669.9792553798,74.14238999318326,-24.974249100937758,574617.111589573
2025-07-26 21:34:04+00:00,STARLINK-4411,STARLINK-4410,3735.87,35,0.00963,65.43954424432779,-162.39357856574625,572219.9979528903,65.4083863311817,-162.42378123216292,572171.7908070221,65.42396528775475,-162.40867989895457,572195.8943799562
2025-07-26 21:44:04+00:00,STARLINK-4411,STARLINK-4410,3912.74,36,0.00945,28.730386690306545,-177.69863113228314,564500.9620853948,28.696583078195925,-177.70954667929,564282.1892086086,28.713484884251237,-177.7040889057866,564391.5756470016
2025-07-26 21:54:04+00:00,STARLINK-4411,STARLINK-4410,4241.53,37,0.00896,-8.660303554057087,174.43280535648285,566254.4305048952,-8.697011380697283,174.42275933141588,565921.7564045379,-8.678657467377185,174.42778234394936,566088.0934547165
2025-07-26 22:04:04+00:00,STARLINK-4411,STARLINK-4410,4598.74,38,0.00848,-45.81585177818396,165.194385496939,580801.052313443,-45.85553944042894,165.178330093537,580445.8896964833,-45.835695609306455,165.186357795238,580623.4710049632
2025-07-26 22:14:04+00:00,STARLINK-4411,STARLINK-4410,4921.77,39,0.00813,-80.08611779351247,120.71000963018103,592532.9348767163,-80.11385243388432,120.50994012672363,592243.8383598645,-80.0999851136984,120.60997487845233,592388.3866182904
2025-07-26 22:54:04+00:00,STARLINK-4411,STARLINK-4410,4864.5,1,0.00041,52.96232799510494,-29.60388401145074,571354.1413556755,53.00423403465296,-29.624610515082104,571512.2539169961,52.983281014878955,-29.61424726326642,571433.1976363359
2025-07-26 23:04:04+00:00,STARLINK-4411,STARLINK-4410,4671.64,2,0.00064,82.31369451529186,-119.84036392085818,574913.8259455804,82.30792491692718,-120.15137198781466,574963.8646200665,82.31080971610952,-119.99586795433642,574938.8452828234
2025-07-26 23:14:04+00:00,STARLINK-4411,STARLINK-4410,4707.56,3,0.00085,50.87541758728392,165.0579064963008,568963.4263424235,50.83480011045985,165.0390732642766,568840.9588896653,50.855108848871886,165.04848988028868,568902.1926160444
2025-07-26 23:18:07+00:00,STARLINK-34318,STARLINK-34337,3604.34,1,0.00055,-43.01425150596279,-60.45147766561897,458335.32159130194,-43.01510047606035,-60.45036533437207,461937.2853335927,-43.01467599101157,-60.450921499995516,460136.3034624473
2025-07-26 23:24:04+00:00,STARLINK-4411,STARLINK-4410,4963.18,4,0.00101,13.715771166495449,154.96889133747436,563389.1704354539,13.672540699100376,154.95774509235156,563113.9438578824,13.694155932797912,154.96331821491296,563251.5571466682
2025-07-26 23:28:07+00:00,STARLINK-34318,STARLINK-34337,4598.16,2,0.00065,-52.79862592549902,-6.00509490551076,465915.4806184978,-52.80561837004181,-6.072289463643624,466281.2245153902,-52.80212214777042,-6.038692184577192,466098.35256694397
2025-07-27 01:14:00+00:00,STARLINK-4320,STARLINK-4309,4152.2,1,0.00048,-25.96107730781849,69.35398237075765,567339.259872341,-25.956627085357425,69.35419739705118,571461.8123491984,-25.958852196587955,69.35408988390441,569400.5361107697
2025-07-27 01:18:03+00:00,STARLINK-33970,STARLINK-34145,4966.35,1,0.0004,27.859190516653836,-165.84461566303338,447940.6166555013,27.891203981682047,-165.87980111581243,447762.2216969336,27.87519724916794,-165.8622083894229,447851.41917621746
2025-07-27 01:24:00+00:00,STARLINK-4320,STARLINK-4309,4384.79,2,0.00068,11.448336083277368,61.56907063244666,560235.8739911707,11.420776204208735,61.57292923418271,563343.6509586871,11.434556143743052,61.57099993331468,561789.7624749289
2025-07-27 01:28:03+00:00,STARLINK-33970,STARLINK-34145,4804.47,2,0.00062,-2.4211964326549102,-143.3886829147821,448180.7638310657,-2.3877004021433645,-143.41596305993738,448022.8949145892,-2.4044484173991374,-143.40232298735975,448101.82937282743
2025-07-27 01:38:03+00:00,STARLINK-33970,STARLINK-34145,4655.18,3,0.00086,-32.178188759423804,-119.77901015402372,457458.81588304654,-32.14965452693291,-119.8151741704952,457333.654911041,-32.163921643178355,-119.79709216225946,457396.23539704375
2025-07-27 01:48:03+00:00,STARLINK-33970,STARLINK-34145,4549.87,4,0.0011,-52.15668065902999,-76.7395012760661,466032.1184323261,-52.14796038866333,-76.804645678885,465945.11350310186,-52.152320523846655,-76.77207347747554,465988.615967714
2025-07-27 01:58:03+00:00,STARLINK-33970,STARLINK-34145,4503.21,5,0.00133,-44.92509575394165,-20.807097605870705,463342.2543848992,-44.94631499585851,-20.85581805284713,463275.9634571006,-44.93570537490008,-20.831457829358918,463309.1089209999
2025-07-27 02:08:03+00:00,STARLINK-33970,STARLINK-34145,4472.36,6,0.00156,-18.451727448445045,10.25418561487588,453065.0558106525,-18.48196609953926,10.226236043410502,452982.7704306098,-18.466846773992152,10.24021082914319,453023.9131206311
2025-07-27 02:18:03+00:00,STARLINK-33970,STARLINK-34145,4388.31,7,0.00182,12.297763304594907,31.45500803491957,447699.09749860025,12.267698322674558,31.42886984612702,447572.3389705298,12.282730813634732,31.441938940523293,447635.718234565
2025-07-27 02:28:03+00:00,STARLINK-33970,STARLINK-34145,4229.47,8,0.00213,40.45147498445415,59.00456202252741,450703.72591615526,40.42897297235984,58.96431843683466,450534.4239675653,40.44022397840699,58.984440229681034,450619.0749418603
2025-07-27 02:38:03+00:00,STARLINK-33970,STARLINK-34145,4036.51,9,0.00248,53.242274477725765,111.1452105277586,453167.8542529788,53.24457238354032,111.08473633963042,452979.5212134539,53.243423430633044,111.11497343369452,453073.6877332163
2025-07-27 02:48:03+00:00,STARLINK-33970,STARLINK-34145,3852.33,10,0.00285,37.28664897782641,159.92901261574931,449544.4212159602,37.308767685967815,159.89555757533196,449359.8121335827,37.29770833189711,159.91228509554065,449452.1166747714
2025-07-27 02:58:03+00:00,STARLINK-33970,STARLINK-34145,3684.51,11,0.00326,8.352282287877637,-174.32965080300517,446977.8274542403,8.37758485289035,-174.351223255719,446811.8236216536,8.364933570383993,-174.34043702936208,446894.82553794695
2025-07-27 03:08:03+00:00,STARLINK-33970,STARLINK-34145,3531.28,12,0.00368,-22.27649513912656,-152.81956002221213,453588.2919155683,-22.253423940219815,-152.84310510837574,453453.1113712211,-22.264959539673185,-152.83133256529393,453520.70164339466
2025-07-27 03:18:03+00:00,STARLINK-33970,STARLINK-34145,3412.56,13,0.0041,-47.4156498872809,-118.96929182856104,464002.54426788393,-47.40212819578673,-119.00998051350408,463904.8465829853,-47.40888904153381,-118.98963617103256,463953.6954254346
2025-07-27 03:28:03+00:00,STARLINK-33970,STARLINK-34145,3347.71,14,0.00448,-50.78386686793893,-61.58768004014488,465669.1734447158,-50.793537658765096,-61.63276829675322,465597.939662697,-50.788702263352015,-61.61022416844905,465633.5565537064
2025-07-27 03:38:03+00:00,STARLINK-33970,STARLINK-34145,3313.91,15,0.00483,-28.604628461333505,-22.17952991093314,456699.4594654627,-28.62556478546352,-22.203678857492765,456624.1932650064,-28.615096623398514,-22.19160438421295,456661.82636523456
2025-07-27 03:48:03+00:00,STARLINK-33970,STARLINK-34145,3251.02,16,0.00523,1.5637661540557348,0.4174775186226434,448453.0139795344,1.5414820280946764,0.3985699492243733,448342.2951877301,1.5526240910752056,0.4080237339235083,448397.65458363225
2025-07-27 03:58:03+00:00,STARLINK-33970,STARLINK-34145,3118.94,17,0.00577,31.453139323042468,23.82305997453455,449146.6867089826,31.4342824055676,23.79877608601832,448991.4363939116,31.443710864305032,23.810918030276436,449069.06155144714
2025-07-27 04:04:00+00:00,STARLINK-4252,STARLINK-4313,4289.65,1,0.00047,-12.964434833410762,-158.66213206655826,569212.5503944741,-12.99747355193593,-158.6745350795685,570972.849087068,-12.980954192673344,-158.66833357306336,570092.699740771
2025-07-27 04:08:03+00:00,STARLINK-33970,STARLINK-34145,2935.75,18,0.00647,51.945785232391685,66.29689022045225,452988.8619805133,51.93991871274432,66.25521840707249,452804.7592387204,51.94285197256801,66.27605431376237,452896.81060961686
2025-07-27 04:14:00+00:00,STARLINK-4252,STARLINK-4313,2767.65,2,0.00108,-50.01879634865324,-168.57339814589463,584548.4431048767,-50.039005484430646,-168.58848164018417,585752.3104585083,-50.02890091654194,-168.58093989303939,585150.3767816925
2025-07-27 04:18:03+00:00,STARLINK-33970,STARLINK-34145,2744.7,19,0.00728,45.32238578655283,122.74331188973068,451263.782225776,45.33487212893169,122.71312229955088,451074.58617826697,45.32862895774226,122.72821709464077,451169.18420202145
2025-07-27 04:24:00+00:00,STARLINK-4252,STARLINK-4313,1842.02,3,0.00217,-82.09505764794443,123.74042873059764,594109.9277556504,-82.09819269283783,123.63125559379225,594806.5019844687,-82.09662517039112,123.68584216219494,594458.2148700595
2025-07-27 04:28:03+00:00,STARLINK-33970,STARLINK-34145,2568.28,20,0.00817,18.950263584893595,154.27242262531144,447038.68015159154,18.967105819208754,154.25579314764502,446864.1388634272,18.958684702051173,154.26410788647823,446951.4095075094
2025-07-27 04:34:00+00:00,STARLINK-4252,STARLINK-4313,1579.76,4,0.00316,-54.18967449853475,26.28162609174657,586357.9941035396,-54.17778834276482,26.270309577875025,586812.489296514,-54.183731420649785,26.2759678348108,586585.2417000268
2025-07-27 04:38:01+00:00,STARLINK-34046,STARLINK-34089,4814.44,1,0.00042,-62.27828678767188,171.9893860974905,592775.3088958511,-62.24617219253108,172.03267404795997,590449.7871350567,-62.262229490101475,172.01103007272525,591612.5480154539
2025-07-27 04:38:03+00:00,STARLINK-33970,STARLINK-34145,2409.8,21,0.00913,-11.805112138793142,175.512277832123,450259.1182235799,-11.78916840790669,175.49734171940796,450114.01543312107,-11.797140273349916,175.50480977576547,450186.5668283505
2025-07-27 04:44:00+00:00,STARLINK-4252,STARLINK-4313,1602.41,5,0.00374,-17.23334976021054,15.478773853351536,570721.8814484782,-17.222947130348143,15.46986994005957,571301.0655041939,-17.22814844527934,15.474321896705554,571011.4734763361
2025-07-27 04:48:01+00:00,STARLINK-34046,STARLINK-34089,4488.09,2,0.00067,-63.74073696643093,-101.26685335678069,593781.852788706,-63.75814220585121,-101.20063007432708,591375.6983287962,-63.749439586141065,-101.23374171555389,592578.7755587511
2025-07-27 04:48:03+00:00,STARLINK-33970,STARLINK-34145,2280.69,22,0.01008,-40.01888670598411,-157.26146471864132,460795.73643259896,-40.00713902885669,-157.2833803048468,460687.80429514,-40.0130128674204,-157.27242251174405,460741.7703638695
2025-07-27 04:54:00+00:00,STARLINK-4252,STARLINK-4313,1495.1,6,0.00468,20.151059249015034,7.789458677780317,564737.2198494008,20.156583942549645,7.780754779568026,565753.3161231253,20.15382159578234,7.7851067286741715,565245.267986263
2025-07-27 04:58:03+00:00,STARLINK-33970,STARLINK-34145,2198.92,23,0.01091,-53.281693457176935,-105.79543877944842,466561.6544954715,-53.28269225758492,-105.82845187146138,466483.7391046296,-53.28219285738093,-105.8119453254549,466522.69680005056
2025-07-27 05:04:00+00:00,STARLINK-4252,STARLINK-4313,1713.24,7,0.00467,57.16044505479816,-3.8540570612962095,570313.3166733369,57.1555952380246,-3.860545866886545,571891.6930563585,57.15802014641138,-3.8573014640913774,571102.5048648478
2025-07-27 05:08:03+00:00,STARLINK-33970,STARLINK-34145,2156.53,24,0.01159,-37.92631890590808,-56.55271286358709,460455.761496616,-37.938238452229626,-56.572091871247856,460383.2040128996,-37.93227867906886,-56.56240236741748,460419.4827547578
2025-07-27 05:14:00+00:00,STARLINK-4252,STARLINK-4313,3009.24,8,0.00299,80.68680730156072,-119.77898497285854,573670.3741303398,80.69820836483295,-119.6782013198303,575710.7839682149,80.69250783319683,-119.72859314634442,574690.5790492774
2025-07-27 05:18:03+00:00,STARLINK-33970,STARLINK-34145,2107.01,25,0.01233,-9.19819041987744,-30.533268262743597,450446.9243661001,-9.212138992925324,-30.5462305884282,450349.1786046471,-9.205164706401382,-30.5397494255859,450398.05148537364
2025-07-27 05:24:00+00:00,STARLINK-4252,STARLINK-4313,4961.05,9,0.00202,46.6200286767796,-168.76416732622914,568187.2371754742,46.659832546460855,-168.75960406496745,570401.1177804309,46.63993061162023,-168.7618856955983,569294.1774779526
2025-07-27 05:28:03+00:00,STARLINK-33970,STARLINK-34145,2001.57,26,0.01348,21.47432405757194,-9.10098646646969,448001.69662466686,21.461764808295253,-9.114777016479422,447861.96710044285,21.468044432933596,-9.107881741474557,447931.8318625549
2025-07-27 05:38:03+00:00,STARLINK-33970,STARLINK-34145,1835.64,27,0.01525,46.96713923509604,24.257822660713703,452002.7353334453,46.96011787843077,24.23605283498556,451827.17036440095,46.96362855676341,24.246937747849632,451914.95284892316
2025-07-27 05:48:03+00:00,STARLINK-33970,STARLINK-34145,1644.22,28,0.01763,51.03830130223704,81.66329455972364,452601.9675188925,51.04273060249039,81.64102374867561,452411.2383362916,51.04051595236371,81.65215915419962,452506.602927592
2025-07-27 05:58:03+00:00,STARLINK-33970,STARLINK-34145,1460.76,29,0.02052,29.09521507315587,121.74417864232944,448114.2615990301,29.103801308916506,121.73295639386616,447931.47858894966,29.099508191036186,121.7385675180978,448022.8700939899
2025-07-27 06:08:03+00:00,STARLINK-33970,STARLINK-34145,1297.24,30,0.02388,-1.0679340658090877,144.4937851159531,447951.0205502224,-1.0598755920086949,144.48546460090483,447795.45154027926,-1.0639048289088913,144.48962485842895,447873.23604525084
2025-07-27 06:18:03+00:00,STARLINK-33970,STARLINK-34145,1158.5,31,0.0276,-30.98074061340616,167.72991545766646,456955.74526453344,-30.97452116260792,167.72024530874998,456837.6842888088,-30.97763088800704,167.72508038320822,456896.71477667114
2025-07-27 06:28:03+00:00,STARLINK-33970,STARLINK-34145,1058.24,32,0.03115,-51.74741697499256,-150.47649559374847,465850.4627228132,-51.74558026068737,-150.49152694966938,465765.1743943575,-51.74649861783996,-150.48401127170894,465807.81855858536
2025-07-27 06:37:58+00:00,STARLINK-34020,STARLINK-33993,4857.01,1,0.00041,64.44930278533116,127.00763774316748,567816.770653928,64.45770993094204,127.02579110645004,572502.7960705315,64.4535063581366,127.01671442480875,570159.7833622298
2025-07-27 06:38:03+00:00,STARLINK-33970,STARLINK-34145,1003.46,33,0.03385,-45.805509982358814,-93.94120311862876,463699.7683345183,-45.809656760450245,-93.95266279587672,463626.73297744506,-45.80758337140453,-93.94693295725274,463663.2506559817
2025-07-27 06:48:03+00:00,STARLINK-33970,STARLINK-34145,964.59,34,0.03625,-19.756261988425788,-61.98064807495583,453497.9235651968,-19.76183983173117,-61.987656490414615,453409.34026745503,-19.75905091007848,-61.98415228268522,453453.6319163259
2025-07-27 06:58:03+00:00,STARLINK-33970,STARLINK-34145,887.92,35,0.0405,10.96052365801379,-40.704024903820205,447734.046205961,10.95557034738311,-40.71030137368707,447609.3272516653,10.95804700269845,-40.707163138753636,447671.68672881316
2025-07-27 07:08:03+00:00,STARLINK-33970,STARLINK-34145,746.31,36,0.04951,39.3974268050465,-13.811812102664,450511.53807980375,39.39442941213082,-13.819346355278125,450347.9698236816,39.39592810858866,-13.815579228971062,450429.75395174266
2025-07-27 07:18:03+00:00,STARLINK-33970,STARLINK-34145,563.81,37,0.06728,53.30598493747832,37.23417952717262,453198.9530446996,53.30635045907892,37.226204057653305,453010.7644403586,53.30616769827862,37.23019179241297,453104.8587425291
2025-07-27 07:28:03+00:00,STARLINK-33970,STARLINK-34145,397.94,38,0.09776,38.38686339990297,87.20918633076803,449763.7484812836,38.388088379128405,87.20548792043783,449574.28569233854,38.387475889515684,87.20733712560293,449669.0170868111
2025-07-27 07:38:03+00:00,STARLINK-33970,STARLINK-34145,297.21,39,0.13413,9.696603872144983,113.52814021588564,446912.9700867143,9.69660745863528,113.52589504888724,446746.3135690266,9.69660566539013,113.52701763238645,446829.64182787045
2025-07-27 07:48:03+00:00,STARLINK-33970,STARLINK-34145,238.37,40,0.17128,-20.986724464581044,134.90826142800387,453120.9484369855,-20.987848031761462,134.9067499000223,452992.1641052904,-20.98728624817125,134.9075056640131,453056.5562711379
2025-07-27 07:58:03+00:00,STARLINK-33970,STARLINK-34145,175.59,41,0.23784,-46.60969949034571,167.77198040638436,463648.1415823893,-46.611026113444105,167.7722507534406,463555.15568659984,-46.61036280189491,167.77211557991248,463601.6486344946
2025-07-27 08:08:03+00:00,STARLINK-33970,STARLINK-34145,169.61,42,0.25204,-51.303665492285376,-135.22231182282903,465863.2142299989,-51.30313451875156,-135.2202983576548,465787.7821292967,-51.30340000551847,-135.2213050902419,465825.4981796478
2025-07-27 08:18:03+00:00,STARLINK-33970,STARLINK-34145,264.3,43,0.16585,-29.82950396540933,-94.60564221838816,457179.76024508703,-29.82727509481902,-94.6052368501527,457096.7000134592,-29.828389530114173,-94.60543953427043,457138.23012927314
2025-07-27 08:28:03+00:00,STARLINK-33970,STARLINK-34145,371.41,44,0.12083,0.2105494056016273,-71.69913394288305,448643.3555432179,0.2137342765565745,-71.69909648329246,448531.5000465772,0.2121418410791009,-71.69911521308777,448587.4277948976
2025-07-27 08:38:03+00:00,STARLINK-33970,STARLINK-34145,471.89,45,0.09727,30.243798835468407,-48.65019082937585,448978.1471113887,30.247590546182437,-48.64862850538283,448828.48228906095,30.245694690825424,-48.649409667379345,448903.3147002248
2025-07-27 08:48:03+00:00,STARLINK-33970,STARLINK-34145,606.7,46,0.07734,51.50368191421361,-7.423986747732892,452911.1380830441,51.50580574347073,-7.416349101249129,452729.8326394457,51.504743828842166,-7.420167924491011,452820.4853612449
2025-07-27 08:58:03+00:00,STARLINK-33970,STARLINK-34145,795.43,47,0.06027,46.18973215019401,49.573260701769065,451462.6927205704,46.18576648596781,49.58148640862616,451269.56006760505,46.18774931808091,49.57737355519761,451366.12639408774
2025-07-27 09:08:03+00:00,STARLINK-33970,STARLINK-34145,997.91,48,0.04905,20.254646796056623,82.02850180930525,447121.1552963397,20.246950033061545,82.03311674777837,446943.44295894576,20.250798414559085,82.03080927854181,447032.29912764276
2025-07-27 09:14:00+00:00,STARLINK-4320,STARLINK-4342,4843.02,1,0.00041,-24.490014510778504,-50.886349004243655,566797.8428746852,-24.46367320986144,-50.897737771720806,570478.5029008552,-24.476843860319974,-50.89204338798223,568638.1728877702
2025-07-27 09:17:37+00:00,STARLINK-32839,STARLINK-32821,4726.15,1,0.00042,-60.25082668781331,78.60830938158144,592461.8581667513,-60.21888773899848,78.66458305121586,592733.4384916883,-60.234857213405895,78.63644621639864,592597.6483292198
2025-07-27 09:18:03+00:00,STARLINK-33970,STARLINK-34145,1155.87,49,0.04322,-10.4673291788824,103.3575208207118,449898.02025060577,-10.476538047494053,103.36225277585484,449757.2998463119,-10.471933613188227,103.35988679828333,449827.66004845884
2025-07-27 09:24:00+00:00,STARLINK-4320,STARLINK-4342,3252.39,2,0.00092,12.926001222488829,-58.63729648028306,560307.3194888668,12.92281677194704,-58.64496982760932,563431.5936065693,12.924408997217935,-58.64113315394619,561869.456547718
2025-07-27 09:27:37+00:00,STARLINK-32839,STARLINK-32821,4618.72,2,0.00065,-28.07871023021425,104.2476115671497,581639.104477824,-28.039172145171445,104.26203651032242,581618.0775762371,-28.058941187692845,104.25482403873606,581628.5910270305
2025-07-27 09:28:03+00:00,STARLINK-33970,STARLINK-34145,1247.07,50,0.04086,-38.95777507185549,129.94853289954983,460328.09689059126,-38.965951284729655,129.95833575770533,460226.7872635093,-38.961863178292575,129.95343432862757,460277.4420770503
2025-07-27 09:34:00+00:00,STARLINK-4320,STARLINK-4342,3714.33,3,0.00108,50.11565699315024,-68.58667865767154,567408.6703826378,50.090364992171615,-68.58788314851192,569833.4581029607,50.10301099266093,-68.58728090309174,568621.0642427993
2025-07-27 09:37:37+00:00,STARLINK-32839,STARLINK-32821,4840.88,3,0.00083,7.115750132434757,115.44707621913888,575448.2631191385,7.157783538017325,115.45824013064284,575180.7275956284,7.136766835226041,115.45265817489086,575314.4953573835
2025-07-27 09:38:03+00:00,STARLINK-33970,STARLINK-34145,1301.24,51,0.03993,-53.31284129091029,-179.69814474865663,466556.3268222836,-53.31315195609033,-179.6786002217969,466477.5400374781,-53.31299662350031,-179.68837248522675,466516.9334298809
2025-07-27 09:44:00+00:00,STARLINK-4320,STARLINK-4342,4824.71,4,0.00104,82.16762890350341,-138.3196687047744,574616.8205436765,82.1566636928751,-138.03834258141606,576512.3518426174,82.16214629818926,-138.17900564309522,575564.5861931469
2025-07-27 09:48:03+00:00,STARLINK-33970,STARLINK-34145,1362.45,52,0.03887,-39.00979931356096,-129.29499497781336,460904.510082077,-39.0012842676327,-129.28369519298127,460824.192471835,-39.00554179059683,-129.28934508539731,460864.35127695603
2025-07-27 09:58:03+00:00,STARLINK-33970,STARLINK-34145,1448.37,53,0.03726,-10.53894118066918,-102.679279697121,450784.1892696399,-10.52764406550605,-102.67275115711288,450682.1413277265,-10.533292623087615,-102.67601542711694,450733.1652986832
2025-07-27 10:08:03+00:00,STARLINK-33970,STARLINK-34145,1556.96,54,0.0353,20.17749761756601,-81.36239803672598,447920.095847318,20.18932966552631,-81.35452742411434,447784.38260991714,20.18341364154616,-81.35846273042016,447852.2392286176
2025-07-27 10:18:03+00:00,STARLINK-33970,STARLINK-34145,1696.4,55,0.03299,46.13579085595781,-48.97205910891815,451842.13418244425,46.14440672990669,-48.954024152808216,451671.4365248993,46.14009879293225,-48.96304163086319,451756.78535367176
2025-07-27 10:28:03+00:00,STARLINK-33970,STARLINK-34145,1879.52,56,0.03031,51.53378769869064,7.991844391327816,452725.69151764,51.528993930107575,8.017750975580386,452533.0690595381,51.5313908143991,8.0047976834541,452629.38028858905
2025-07-27 10:38:03+00:00,STARLINK-33970,STARLINK-34145,2088.52,57,0.02776,30.31810877329722,49.30172816586903,448297.597863893,30.30375127766182,49.31561883417076,448110.1500794628,30.31093002547952,49.30867350001989,448203.8739716779
2025-07-27 10:47:37+00:00,STARLINK-32839,STARLINK-32821,4419.92,1,0.00045,-70.09953673836647,4.481224267376796,594656.1560370012,-70.09996466814515,4.597464552317637,595077.1378832302,-70.09975070325581,4.539344409847217,594866.6469601158
2025-07-27 10:48:03+00:00,STARLINK-33970,STARLINK-34145,2270.5,58,0.02597,0.285760164660984,72.37706723384731,447741.9328387065,0.268363773590929,72.38766865379264,447587.9346545306,0.2770619691259565,72.38236794381999,447664.93374661857
2025-07-27 10:57:37+00:00,STARLINK-32839,STARLINK-32821,4086.33,2,0.00073,-48.66842726172492,68.3589195055848,588765.0085184203,-48.63576925513252,68.38433280603667,588926.1986157314,-48.65209825842872,68.37162615581073,588845.6035670759
2025-07-27 10:58:03+00:00,STARLINK-33970,STARLINK-34145,2385.17,59,0.02514,-29.768569356678054,95.27293366178056,456452.7217532416,-29.78521810766382,95.28847402771072,456341.7357817664,-29.776893732170937,95.28070384474563,456397.228767504
2025-07-27 11:07:37+00:00,STARLINK-32839,STARLINK-32821,4116.86,3,0.00097,-14.563398493746917,84.7420078794764,577936.1790742208,-14.527578433999636,84.75160913006785,577808.6929976584,-14.545488463873276,84.74680850477213,577872.4360359396
2025-07-27 11:08:03+00:00,STARLINK-33970,STARLINK-34145,2447.62,60,0.02491,-51.2805490667357,135.83669297656937,465644.5762560914,-51.28775379559072,135.8699265269645,465561.8256564888,-51.28415143116321,135.85330975176691,465603.2009562901
2025-07-27 11:17:37+00:00,STARLINK-32839,STARLINK-32821,4431.03,4,0.00113,20.73785675469523,95.49094311112177,576345.7250671195,20.776067722818624,95.50261068863122,576014.9504983027,20.756962238756927,95.4967768998765,576180.337782711
2025-07-27 11:18:03+00:00,STARLINK-33970,STARLINK-34145,2504.98,61,0.02474,-46.6488049781763,-167.13852148035068,464039.4616740387,-46.63725531128976,-167.11036766430712,463960.2386245809,-46.64303014473303,-167.1244445723289,463999.85014930984
2025-07-27 11:27:37+00:00,STARLINK-32839,STARLINK-32821,4862.19,5,0.00123,54.20899433721919,115.22537122384932,583451.8459570187,54.24559068334511,115.265894814679,583073.5759838988,54.22729251028215,115.24563301926416,583262.7109704588
2025-07-27 11:28:03+00:00,STARLINK-33970,STARLINK-34145,2584.76,62,0.02436,-21.053319325468085,-134.23373452382606,453940.443238306,-21.03451204444177,-134.21912584995846,453845.1198836149,-21.043915684954925,-134.22643018689226,453892.78156096046
2025-07-27 11:38:03+00:00,STARLINK-33970,STARLINK-34145,2685.66,63,0.02382,9.619650240352373,-112.8536386055661,447787.6575506792,9.639947331649848,-112.84040801166545,447664.2663920111,9.62979878600111,-112.84702330861577,447725.9619713451
2025-07-27 11:48:03+00:00,STARLINK-33970,STARLINK-34145,2810.25,64,0.02312,38.31893585400459,-86.57707188625395,450318.8102202333,38.33635976450044,-86.55380566623192,450161.0490672998,38.32764780925252,-86.56543877624293,450239.92964376655
2025-07-27 11:58:03+00:00,STARLINK-33970,STARLINK-34145,2977.0,65,0.02216,53.30386387293007,-36.68085974918988,453216.2891091425,53.30474620928099,-36.636169790175735,453028.85311072186,53.304305041105536,-36.65851476968281,453122.57110993215
2025-07-27 12:07:37+00:00,STARLINK-32839,STARLINK-32821,4853.08,1,0.00041,-27.61103682101411,-94.09472773315906,579183.7257117889,-27.652332318713757,-94.0796235638113,579687.0205576008,-27.631684569863936,-94.08717564848519,579435.3731346948
2025-07-27 12:08:03+00:00,STARLINK-33970,STARLINK-34145,3184.79,66,0.02103,39.46411295676211,14.440436155192709,449984.3797838775,39.44529848041697,14.46831285441104,449790.1139149346,39.45470571858954,14.454374504801875,449887.24684940604
2025-07-27 12:16:36+00:00,STARLINK-31887,STARLINK-31925,4675.08,1,0.00043,23.687696983944253,4.68068480189788,482223.7545320948,23.660884499550924,4.646508788003032,481299.387653519,23.67429074174759,4.663596794950456,481761.5710928069
2025-07-27 12:17:37+00:00,STARLINK-32839,STARLINK-32821,4217.5,2,0.00071,-59.89658071564308,-68.89751044070877,591321.036241657,-59.92526663973214,-68.84887992663208,591834.2157352354,-59.91092367768761,-68.87319518367042,591577.6259884462
2025-07-27 12:18:03+00:00,STARLINK-33970,STARLINK-34145,3386.32,67,0.02007,11.037746689930284,41.37765753662565,446868.4785430184,11.012570931203204,41.39504709487233,446700.4715825596,11.025158810566744,41.386352315748994,446784.475062789
2025-07-27 12:26:36+00:00,STARLINK-31887,STARLINK-31925,3832.07,2,0.00078,41.16521827376844,43.055074573181045,485838.54890703614,41.15584601414816,43.01227460989811,484966.3287191396,41.1605321439583,43.03367459153958,485402.4388130879
2025-07-27 12:27:37+00:00,STARLINK-32839,STARLINK-32821,3698.21,3,0.00108,-65.75241038455727,16.463387322458047,593897.0653583516,-65.73304501224509,16.52880104495605,594228.9679423986,-65.74272769840118,16.49609418370705,594063.0166503751
2025-07-27 12:28:03+00:00,STARLINK-33970,STARLINK-34145,3524.33,68,0.01957,-19.68884852313654,62.65578784653921,452663.4988041674,-19.7144673419271,62.67557508643149,452540.7354877245,-19.70165793253182,62.66568146648535,452602.1171459459
2025-07-27 12:36:36+00:00,STARLINK-31887,STARLINK-31925,3073.71,3,0.0013,39.23128496859997,91.15398275701736,485996.62915763503,39.24086578614872,91.12191944565882,485167.7474120066,39.23607537737435,91.13795110133809,485582.1882848208
2025-07-27 12:37:37+00:00,STARLINK-32839,STARLINK-32821,3501.76,4,0.00143,-35.85545575686093,52.25412548818283,584257.0039238135,-35.82569404536357,52.26681471485712,584303.9608892859,-35.84057490111225,52.26047010151997,584280.4824065496
2025-07-27 12:38:03+00:00,STARLINK-33970,STARLINK-34145,3595.53,69,0.01946,-45.76445992915305,94.5773629924606,463275.5853429052,-45.78209740998581,94.61620191947084,463187.918124731,-45.77327866956943,94.59678245596572,463231.7517338181
2025-07-27 12:46:36+00:00,STARLINK-31887,STARLINK-31925,2383.79,4,0.0021,19.591103212161176,126.84304713277398,483296.9647876736,19.605437608392695,126.8280416720252,482477.7428426262,19.598270410276935,126.83554440239959,482887.35381514987
2025-07-27 12:47:37+00:00,STARLINK-32839,STARLINK-32821,3659.41,5,0.00164,-0.9014971026740553,64.56825256126574,575810.9536707022,-0.86946935454433,64.57555479007841,575589.38219043,-0.8854832286091927,64.57190367567208,575700.167930566
2025-07-27 12:48:03+00:00,STARLINK-33970,STARLINK-34145,3649.23,70,0.01945,-51.767848318085214,151.0886199186554,466033.2288424104,-51.75919431480087,151.13975645428405,465954.3934222068,-51.76352131644305,151.11418818646973,465993.81113230856
2025-07-27 12:56:36+00:00,STARLINK-31887,STARLINK-31925,1725.69,5,0.00347,-6.130281727851839,153.17892993460518,484648.7923433673,-6.119290600192248,153.17099462680898,483803.4278365128,-6.124786164022044,153.17496228070706,484226.11008994
2025-07-27 12:57:37+00:00,STARLINK-32839,STARLINK-32821,4040.96,6,0.00173,34.14439208994856,76.58060633534316,578710.7593324637,34.17857773414018,76.59495210061183,578340.0283432079,34.16148491204437,76.5877792179775,578525.3938378359
2025-07-27 12:58:03+00:00,STARLINK-33970,STARLINK-34145,3725.16,71,0.01932,-31.04063182397684,-167.0639033124593,457660.2450684172,-31.015752340204305,-167.0377393057232,457569.2944457628,-31.028192082090573,-167.05082130909125,457614.76975709
2025-07-27 13:06:36+00:00,STARLINK-31887,STARLINK-31925,1141.52,6,0.00613,-30.148204305617416,-177.6737373044153,491484.6793658713,-30.143188454713417,-177.67835120191543,490592.95348161313,-30.14569638016542,-177.67604425316537,491038.8164237422
2025-07-27 13:07:37+00:00,STARLINK-32839,STARLINK-32821,4474.86,7,0.00179,64.7057856824527,109.83852793952376,585643.4551287756,64.7308963837263,109.91179446788234,585293.0237044737,64.7183410330895,109.87516120370304,585468.2394166247
2025-07-27 13:08:03+00:00,STARLINK-33970,STARLINK-34145,3823.01,72,0.01909,-1.1426505762875456,-143.81550958204298,448853.12709575694,-1.1139970244862347,-143.79653241105487,448739.36964830034,-1.12832380038689,-143.8060209965489,448796.24837202864
2025-07-27 13:16:36+00:00,STARLINK-31887,STARLINK-31925,959.47,7,0.00833,-42.98300868910845,-134.8482991209357,496064.3252612026,-42.98253859730671,-134.8460310073502,495124.210650779,-42.98277364320758,-134.84716506414296,495594.2679559908
2025-07-27 13:17:37+00:00,STARLINK-32839,STARLINK-32821,4808.87,8,0.00187,61.13256057229537,-163.7191543992252,583991.7887759475,61.10087556495148,-163.65829657294995,583824.779056193,61.11671806862343,-163.68872548608758,583908.2839160702
2025-07-27 13:18:03+00:00,STARLINK-33970,STARLINK-34145,3935.46,73,0.0188,29.0204205887386,-121.09030634868486,448817.2413597787,29.047382625439443,-121.06412539585006,448672.9023351544,29.03390160708902,-121.07721587226746,448745.0718474665
2025-07-27 13:26:36+00:00,STARLINK-31887,STARLINK-31925,1462.83,8,0.00615,-34.80326587705513,-88.874919804085,492197.195954853,-34.79979666641854,-88.86373117471427,491223.8381724946,-34.801531271736835,-88.86932548939964,491710.5170636738
2025-07-27 13:27:37+00:00,STARLINK-32839,STARLINK-32821,4892.92,9,0.00204,29.13879006127042,-136.84452728568283,575413.7311854506,29.097055591064382,-136.82861150394655,575534.2658496454,29.1179228261674,-136.8365693948147,575473.998517548
2025-07-27 13:28:03+00:00,STARLINK-33970,STARLINK-34145,4081.88,74,0.01837,51.0046491438916,-81.09168432034856,452821.229084675,51.01687487684544,-81.03672890736776,452643.25687377056,51.01076201036852,-81.06420661385816,452732.2429792228
2025-07-27 13:36:36+00:00,STARLINK-31887,STARLINK-31925,2258.42,9,0.00443,-12.413105454380572,-57.15719821139123,484301.7705966325,-12.402797887612309,-57.14168946804895,483326.9644299946,-12.40795167099644,-57.14944383972009,483814.36751331354
2025-07-27 13:37:37+00:00,STARLINK-32839,STARLINK-32821,4622.34,10,0.00238,-6.075422366322321,-125.51918471184942,573750.6291965095,-6.115526178020853,-125.50878209595052,574147.332992468,-6.095474272171587,-125.51398340389997,573948.9810944888
2025-07-27 13:38:03+00:00,STARLINK-33970,STARLINK-34145,4279.61,75,0.01775,47.01869723246341,-23.6610499024512,451655.11941423407,46.99971962733584,-23.612014110491945,451458.3995282571,47.00920842989963,-23.636532006471572,451556.7594712456
2025-07-27 13:46:36+00:00,STARLINK-31887,STARLINK-31925,3096.0,10,0.00355,13.554088867615947,-31.231211435553167,481343.44569408736,13.569601289638683,-31.209074343595397,480403.24059598485,13.561845078627314,-31.220142889574284,480873.34314503614
2025-07-27 13:47:37+00:00,STARLINK-32839,STARLINK-32821,4059.21,11,0.00296,-40.80918714418492,-112.0386003560369,584081.2868301597,-40.84270949059399,-112.0205714934279,584612.0080638255,-40.825948317389454,-112.0295859247324,584346.6474469926
2025-07-27 13:48:03+00:00,STARLINK-33970,STARLINK-34145,4495.39,76,0.01712,21.551414772972944,9.765548916718537,447219.6077168149,21.519467436869675,9.792125274416204,447038.2127890562,21.53544110492131,9.77883709556737,447128.91025293554
2025-07-27 13:56:36+00:00,STARLINK-31887,STARLINK-31925,3893.42,11,0.00308,35.60483618429095,1.1082577969235323,484426.6931323772,35.6183534331839,1.14675462057817,483538.7230806614,35.61159480873742,1.1275062087508512,483982.7081065193
2025-07-27 13:57:37+00:00,STARLINK-32839,STARLINK-32821,3438.8,12,0.00378,-68.36567886913794,-66.90157701047183,594048.5493227104,-68.37799037629122,-66.82543461942485,594509.84929075,-68.37183462271457,-66.86350581494834,594279.1993067302
2025-07-27 13:58:03+00:00,STARLINK-33970,STARLINK-34145,4659.99,77,0.01673,-9.125929870004228,31.211591364546525,449554.2295767042,-9.160421603225592,31.23566923715561,449417.2611215286,-9.14317573661491,31.223630300851067,449485.7453491164
2025-07-27 14:06:36+00:00,STARLINK-31887,STARLINK-31925,4651.82,12,0.00279,42.81269477601749,47.68933585940911,486545.5495205193,42.80823824632657,47.74508392325849,485700.7770318616,42.810466511172024,47.7172098913338,486123.1632761904
2025-07-27 14:07:37+00:00,STARLINK-32839,STARLINK-32821,3025.69,13,0.00463,-55.68435373259529,12.672393216024592,591103.2074829175,-55.661609231157286,12.698629760202184,591331.3394704297,-55.67298148187629,12.685511488113388,591217.2734766735
2025-07-27 14:08:03+00:00,STARLINK-33970,STARLINK-34145,4745.04,78,0.01665,-37.872932484669626,57.20824494062358,459851.4238610027,-37.90190583610648,57.24792733610322,459757.01567961846,-37.88741916038805,57.228086138363395,459804.21977031056
2025-07-27 14:17:37+00:00,STARLINK-32839,STARLINK-32821,2972.24,14,0.00505,-22.50888293291588,33.54857752163236,579970.6249045148,-22.48291902051633,33.555425218150255,579905.8479512011,-22.495900976716108,33.55200136989131,579938.236427858
2025-07-27 14:18:03+00:00,STARLINK-33970,STARLINK-34145,4795.01,79,0.01668,-53.27865131564527,106.3993275451025,466524.88010103634,-53.28071085262553,106.47135778600057,466446.10106694367,-53.279681084135404,106.43534266555153,466485.49058399
2025-07-27 14:27:37+00:00,STARLINK-32839,STARLINK-32821,3238.43,15,0.00494,12.772746290032106,44.357933062099065,575615.2443724216,12.801041553681792,44.36444967633697,575316.9995445441,12.786893921856949,44.36119136921802,575466.1219584829
2025-07-27 14:28:03+00:00,STARLINK-33970,STARLINK-34145,4865.0,80,0.01665,-40.06949437493861,157.9128999473592,461343.2893685504,-40.04144502113624,157.95675619195163,461255.4924665868,-40.05546969803743,157.9348280696554,461299.3909175686
2025-07-27 14:37:37+00:00,STARLINK-32839,STARLINK-32821,3660.67,16,0.00464,47.07281463590963,60.0289426445408,581744.885367786,47.10235086338046,60.04968387329184,581360.0732473648,47.087582749645044,60.03931325891632,581552.4793075754
2025-07-27 14:38:03+00:00,STARLINK-33970,STARLINK-34145,4962.59,81,0.01652,-11.876056368348316,-174.8341809314214,451137.3287718134,-11.839652127983014,-174.8078189940042,451030.3297229502,-11.857854248165665,-174.8209999627128,451083.8292473818
2025-07-27 14:47:37+00:00,STARLINK-32839,STARLINK-32821,4072.42,17,0.00442,70.0453109628379,120.13946871296422,586358.7371667228,70.04806087611365,120.24620255791396,586062.4136655476,70.04668591947578,120.19283563543908,586210.5754161351
2025-07-27 14:57:37+00:00,STARLINK-32839,STARLINK-32821,4324.14,18,0.00439,49.688277741371984,-173.17681003604804,580810.3458973741,49.654026029387886,-173.14836912761933,580749.3205136065,49.671151885379935,-173.16258958183369,580779.8332054904
2025-07-27 15:07:37+00:00,STARLINK-32839,STARLINK-32821,4274.94,19,0.00468,15.619355351567007,-156.25427947330192,573249.3601514046,15.582263205560588,-156.24401905461326,573486.9346397045,15.600809278563798,-156.24914926395758,573368.1473955546
2025-07-27 15:17:37+00:00,STARLINK-32839,STARLINK-32821,3875.33,20,0.00542,-19.70947764706479,-145.5199535270801,576702.6590300516,-19.74289934300613,-145.51046627927602,577172.7760207031,-19.72618849503546,-145.51520990317806,576937.7175253774
2025-07-27 15:27:37+00:00,STARLINK-32839,STARLINK-32821,3261.76,21,0.00674,-53.2837591882439,-126.46022546137876,588928.0429141913,-53.30868815086847,-126.43560000678072,589454.233740862,-53.296223669556184,-126.44791273407974,589191.1383275266
2025-07-27 15:37:37+00:00,STARLINK-32839,STARLINK-32821,2693.39,22,0.00854,-69.32783877054409,-51.62717531090333,594621.93008279,-69.32107161916363,-51.56203886038453,595007.3129888749,-69.32445519485387,-51.59460708564393,594814.6215358324
2025-07-27 15:47:37+00:00,STARLINK-32839,STARLINK-32821,2408.58,23,0.00996,-43.45544939217616,-0.601338636685178,586951.7040019442,-43.43520481281894,-0.5908252786206042,587067.7394644804,-43.44532710249755,-0.5960819576528911,587009.7217332122
